loss,val_loss
0.003742460161447525,0.0009595456067472696
0.0006604112568311393,0.0007193899946287274
0.0004122703685425222,0.0005482256528921425
0.00037273066118359566,0.0004996014176867902
0.0003553292772267014,0.00047987489961087704
0.0003452347300481051,0.00046477728756144643
0.0003388551704119891,0.0004574702470563352
0.0003339852555654943,0.0004427972307894379
0.00032992716296575963,0.0004302597953937948
0.00032723211916163564,0.0004181363619863987
0.0003246792475692928,0.0004124398110434413
0.00032253743847832084,0.00040735103539191186
0.00032075162744149566,0.0004017236933577806
0.00031917731394059956,0.0003988073440268636
0.0003182706714142114,0.0004005884693469852
0.0003169925475958735,0.0003986705851275474
0.00031609833240509033,0.00039470859337598085
0.00031626573763787746,0.0003936552966479212
0.0003108422097284347,0.0003800114500336349
0.00030751319718547165,0.0003608980914577842
0.0002870975586120039,0.00034491679980419576
0.00026376955793239176,0.00034161590156145394
0.00024160892644431442,0.0003219256177544594
0.00023389945272356272,0.00031630106968805194
0.00022863736376166344,0.00032187378383241594
0.0002254220307804644,0.0003091960388701409
0.0002200382004957646,0.0003030424995813519
0.0002182787866331637,0.0003004876780323684
0.0002131460205418989,0.0003075204149354249
0.00021032664517406374,0.00029245734913274646
